username,department,manager,employee_id
user0000,finance,manager16,E10000
user0001,hr,manager00,E10001
user0002,sales,manager06,E10002
user0003,finance,manager09,E10003
user0004,finance,manager14,E10004
user0005,security,manager04,E10005
user0006,hr,manager04,E10006
user0007,hr,manager08,E10007
user0008,security,manager07,E10008
user0009,security,manager10,E10009
user0010,sales,manager13,E10010
user0011,sales,manager12,E10011
user0012,engineering,manager14,E10012
user0013,hr,manager01,E10013
user0014,engineering,manager07,E10014
user0015,engineering,manager14,E10015
user0016,security,manager02,E10016
user0017,sales,manager02,E10017
user0018,finance,manager17,E10018
user0019,hr,manager13,E10019
user0020,sales,manager14,E10020
user0021,engineering,manager12,E10021
user0022,security,manager13,E10022
user0023,finance,manager03,E10023
user0024,finance,manager12,E10024
user0025,hr,manager17,E10025
user0026,sales,manager12,E10026
user0027,engineering,manager13,E10027
user0028,security,manager08,E10028
user0029,hr,manager02,E10029
user0030,hr,manager15,E10030
user0031,hr,manager12,E10031
user0032,hr,manager09,E10032
user0033,sales,manager17,E10033
user0034,finance,manager17,E10034
user0035,engineering,manager07,E10035
user0036,hr,manager05,E10036
user0037,engineering,manager16,E10037
user0038,sales,manager04,E10038
user0039,security,manager16,E10039
user0040,hr,manager17,E10040
user0041,engineering,manager01,E10041
user0042,hr,manager18,E10042
user0043,finance,manager13,E10043
user0044,finance,manager10,E10044
user0045,hr,manager10,E10045
user0046,hr,manager03,E10046
user0047,security,manager16,E10047
user0048,finance,manager08,E10048
user0049,hr,manager04,E10049
user0050,security,manager08,E10050
user0051,finance,manager15,E10051
user0052,hr,manager00,E10052
user0053,security,manager16,E10053
user0054,security,manager00,E10054
user0055,sales,manager02,E10055
user0056,hr,manager12,E10056
user0057,finance,manager02,E10057
user0058,sales,manager15,E10058
user0059,sales,manager06,E10059
user0060,sales,manager13,E10060
user0061,sales,manager12,E10061
user0062,finance,manager12,E10062
user0063,sales,manager04,E10063
user0064,engineering,manager09,E10064
user0065,security,manager07,E10065
user0066,hr,manager13,E10066
user0067,finance,manager19,E10067
user0068,hr,manager13,E10068
user0069,finance,manager10,E10069
user0070,engineering,manager16,E10070
user0071,finance,manager13,E10071
user0072,finance,manager19,E10072
user0073,engineering,manager07,E10073
user0074,security,manager04,E10074
user0075,security,manager18,E10075
user0076,sales,manager18,E10076
user0077,engineering,manager18,E10077
user0078,hr,manager01,E10078
user0079,security,manager12,E10079
user0080,engineering,manager14,E10080
user0081,hr,manager17,E10081
user0082,sales,manager18,E10082
user0083,sales,manager03,E10083
user0084,security,manager15,E10084
user0085,hr,manager08,E10085
user0086,hr,manager19,E10086
user0087,finance,manager11,E10087
user0088,finance,manager12,E10088
user0089,security,manager03,E10089
user0090,security,manager17,E10090
user0091,hr,manager12,E10091
user0092,security,manager12,E10092
user0093,security,manager06,E10093
user0094,engineering,manager16,E10094
user0095,sales,manager07,E10095
user0096,engineering,manager10,E10096
user0097,sales,manager04,E10097
user0098,engineering,manager00,E10098
user0099,security,manager06,E10099
user0100,hr,manager01,E10100
user0101,finance,manager09,E10101
user0102,hr,manager06,E10102
user0103,engineering,manager13,E10103
user0104,finance,manager09,E10104
user0105,engineering,manager15,E10105
user0106,security,manager11,E10106
user0107,sales,manager01,E10107
user0108,engineering,manager02,E10108
user0109,hr,manager09,E10109
user0110,sales,manager16,E10110
user0111,hr,manager13,E10111
user0112,finance,manager14,E10112
user0113,sales,manager15,E10113
user0114,finance,manager16,E10114
user0115,finance,manager19,E10115
user0116,hr,manager19,E10116
user0117,hr,manager17,E10117
user0118,finance,manager03,E10118
user0119,security,manager06,E10119
user0120,engineering,manager02,E10120
user0121,security,manager00,E10121
user0122,engineering,manager15,E10122
user0123,sales,manager16,E10123
user0124,security,manager09,E10124
user0125,security,manager07,E10125
user0126,hr,manager00,E10126
user0127,finance,manager10,E10127
user0128,engineering,manager14,E10128
user0129,security,manager15,E10129
user0130,sales,manager04,E10130
user0131,security,manager05,E10131
user0132,security,manager05,E10132
user0133,security,manager13,E10133
user0134,security,manager10,E10134
user0135,finance,manager02,E10135
user0136,security,manager15,E10136
user0137,security,manager17,E10137
user0138,sales,manager02,E10138
user0139,finance,manager09,E10139
user0140,finance,manager01,E10140
user0141,engineering,manager00,E10141
user0142,hr,manager04,E10142
user0143,security,manager04,E10143
user0144,engineering,manager09,E10144
user0145,security,manager05,E10145
user0146,engineering,manager07,E10146
user0147,sales,manager19,E10147
user0148,hr,manager10,E10148
user0149,security,manager09,E10149
user0150,finance,manager17,E10150
user0151,security,manager10,E10151
user0152,security,manager11,E10152
user0153,engineering,manager18,E10153
user0154,sales,manager03,E10154
user0155,finance,manager17,E10155
user0156,security,manager15,E10156
user0157,hr,manager14,E10157
user0158,engineering,manager00,E10158
user0159,hr,manager09,E10159
user0160,hr,manager09,E10160
user0161,hr,manager08,E10161
user0162,security,manager04,E10162
user0163,sales,manager17,E10163
user0164,finance,manager19,E10164
user0165,sales,manager15,E10165
user0166,hr,manager19,E10166
user0167,sales,manager05,E10167
user0168,sales,manager13,E10168
user0169,finance,manager13,E10169
user0170,hr,manager15,E10170
user0171,security,manager17,E10171
user0172,hr,manager00,E10172
user0173,sales,manager13,E10173
user0174,security,manager02,E10174
user0175,security,manager05,E10175
user0176,finance,manager12,E10176
user0177,sales,manager13,E10177
user0178,finance,manager17,E10178
user0179,finance,manager10,E10179
user0180,sales,manager06,E10180
user0181,security,manager16,E10181
user0182,security,manager06,E10182
user0183,engineering,manager12,E10183
user0184,engineering,manager16,E10184
user0185,hr,manager12,E10185
user0186,security,manager14,E10186
user0187,sales,manager06,E10187
user0188,security,manager18,E10188
user0189,hr,manager06,E10189
user0190,finance,manager13,E10190
user0191,engineering,manager09,E10191
user0192,security,manager08,E10192
user0193,security,manager17,E10193
user0194,engineering,manager18,E10194
user0195,sales,manager12,E10195
user0196,security,manager18,E10196
user0197,sales,manager10,E10197
user0198,sales,manager03,E10198
user0199,security,manager00,E10199
